collaborative,duration_ms,modified_at,name,num_albums,num_artists,num_edits,num_followers,num_tracks,pid
false,31428282,1457827200,disney,16,65,4,1,189,1000
false,38241566,1417824000,Indie Electro,18,8,2,2,165,1001
false,3549358,1465430400,jack & jack,14,3,3,1,17,1002
false,51242585,1498435200,vibes,195,157,91,2,225,1003
false,42601098,1498608000,Indie,118,92,74,1,165,1004
false,5870710,1504310400,college,26,25,2,1,28,1005
false,19652753,1471996800,Summer 15,74,67,40,2,80,1006
false,13158862,1509148800,New music,48,38,20,1,58,1007
false,18432208,1505692800,Now,82,79,36,3,84,1008
false,9413467,1507680000,Jams,36,31,25,1,41,1009
false,17853470,1464393600,Party Mix,72,63,11,2,74,1010
false,20635206,1491868800,LOCO,90,82,27,18,97,1011
false,3974946,1506211200,Bruno Mars,7,3,3,1,18,1012
false,14724585,1490140800,Breezy,55,45,42,1,67,1013
false,21004989,1496793600,Fall 16,64,49,27,3,83,1014
false,12136870,1498262400,SLO,32,19,3,1,53,1015
false,43843897,1508716800,BANGAZ,141,89,104,1,198,1016
false,6992643,1401148800,Piano Music,21,12,5,1,29,1017
false,30811124,1492387200,Beach Music,106,70,27,14,130,1018
false,11198025,1505779200,Slow jamz,42,32,15,1,43,1019
false,2990119,1483056000,vaporwave,15,15,6,1,17,1020
false,31005347,1424736000,Bassnectar,18,17,2,1,106,1021
false,5303964,1480723200,Christmas,20,17,4,1,29,1022
false,8934828,1381968000,Moo,30,27,5,1,35,1023
false,1733764,1477612800,üëëüëëüëë,7,7,5,1,7,1024
false,49680278,1379635200,random,128,105,35,2,207,1025
false,6735372,1466121600,Heavy Metal,18,18,3,1,24,1026
false,5787913,1477612800,pr,25,22,3,1,28,1027
false,31981760,1508544000,misc.,124,91,31,1,140,1028
false,4728540,1456185600,Beats,19,19,12,1,19,1029
false,7651308,1366329600,Piano Guys,7,4,2,1,33,1030
false,2936280,1501200000,humble.,13,9,6,1,13,1031
false,8679140,1465430400,‚ù§‚ù§‚ù§,37,34,20,1,38,1032
false,15346260,1505433600,worship,47,39,5,1,52,1033
false,1852825,1450828800,golden,9,8,3,1,9,1034
false,34122238,1509062400,CUMBIAS,135,82,28,1,162,1035
true,10537192,1507334400,Wedding Playlist,46,44,22,1,47,1036
false,17012063,1490140800,work out,57,42,15,1,78,1037
false,1016953,1476230400,car,5,5,3,1,5,1038
false,22954707,1474502400,COUNTRY,93,70,47,1,108,1039
false,4397690,1488844800,Christian,14,11,3,1,16,1040
false,5346228,1491955200,Brown Eyed Girl,20,18,3,3,20,1041
false,37595412,1354752000,Christmas,25,16,5,1,178,1042
false,7540783,1506211200,summer 2k17,24,21,17,1,34,1043
false,9286058,1481328000,Adventure Of A Lifetime,37,35,29,1,42,1044
false,22639419,1509235200,madison,84,64,29,1,105,1045
false,4325298,1495756800,summer tunes,17,16,12,2,19,1046
false,20768728,1501977600,Electro,75,54,4,1,89,1047
false,6437535,1481068800,Disney,22,29,6,1,36,1048
true,23818051,1488153600,a playlist,76,62,66,1,85,1049
false,21808612,1460764800,Bhangra,72,62,23,4,84,1050
false,5345783,1414800000,Fall 2014,17,17,16,1,21,1051
false,19228616,1400371200,Groove,51,31,11,1,83,1052
false,36280408,1500595200,Piano,44,23,4,1,111,1053
false,18950572,1475280000,summer 2016,77,73,28,2,91,1054
false,7277511,1430265600,funky,21,18,14,1,30,1055
false,30840237,1508803200,Current,112,97,44,2,138,1056
false,19396030,1477180800,NC,81,75,52,2,85,1057
false,3627682,1471478400,End of Summer,16,16,4,1,16,1058
false,38015341,1502582400,feelings,131,105,64,1,166,1059
false,3414784,1494547200,Electronic,13,11,7,1,13,1060
false,6751172,1503792000,Tunes,28,27,5,1,30,1061
false,12775185,1506816000,Oldies,63,47,14,1,75,1062
false,30098732,1450224000,Rock,75,37,12,2,138,1063
false,48328236,1465516800,rap,104,70,7,1,208,1064
false,3808776,1482278400,Christmas :),20,18,3,3,20,1065
false,4920526,1382486400,house,14,8,2,1,18,1066
false,20404984,1481414400,Car Rides,83,72,6,3,84,1067
false,2341187,1508889600,lu,10,10,2,1,10,1068
false,31892119,1504051200,Dance,120,102,50,1,136,1069
false,40760579,1478131200,Ma,164,140,7,1,184,1070
false,10010559,1502496000,Playlist,36,30,4,1,44,1071
false,42319135,1502582400,Classics,124,67,24,1,167,1072
false,29992631,1463270400,weekend,129,109,27,1,143,1073
false,12228234,1507075200,Acoustic,44,38,13,1,54,1074
false,7149359,1457049600,damn,11,9,11,1,22,1075
false,5809774,1507507200,Rap/hiphop,22,19,20,1,23,1076
false,8492240,1499817600,Adoracion,16,11,11,1,23,1077
false,13911612,1499731200,Zumba,60,51,33,1,63,1078
false,3925271,1386460800,Classical Study Music ‚Äì Classical Study Music,9,4,2,1,30,1079
false,5259015,1451347200,alexa,21,18,9,1,25,1080
false,4075243,1505865600,schleep,11,9,2,1,16,1081
false,2803478,1455321600,Country,12,12,8,1,13,1082
false,11542999,1506038400,Girl Power,43,27,13,2,55,1083
false,31331222,1501545600,Gym Mix,101,60,7,3,143,1084
false,3210834,1413244800,CD1,14,10,2,1,15,1085
false,2737635,1411084800,Girls,10,9,6,1,11,1086
false,17475884,1507852800,fireside,65,52,12,1,72,1087
false,2888752,1507420800,jeep,13,13,2,1,14,1088
false,7466009,1478736000,rock,22,16,5,1,24,1089
false,11974964,1508716800,New songs,31,20,13,1,54,1090
false,11061725,1373155200,Dance,36,24,15,1,49,1091
false,7046944,1508976000,LANY,12,3,8,1,31,1092
false,5953265,1498003200,New2,18,16,12,1,21,1093
false,17052548,1506470400,Favorite Country,65,43,34,2,78,1094
false,20344685,1485820800,Pop en espa√±ol,53,32,43,1,86,1095
false,38296506,1507593600,country,118,70,47,1,177,1096
true,6659619,1439164800,Dad!,22,20,9,2,27,1097
false,9728534,1509408000,car,28,23,9,1,39,1098
false,12547575,1464739200,stuff,56,49,39,1,56,1099
false,9463552,1482883200,December 2016,41,38,8,1,42,1100
false,26552708,1508889600,Rock,71,36,4,1,94,1101
false,15949306,1488240000,Reggae,48,28,10,1,58,1102
false,22786771,1428451200,WORKOUT!!,80,58,19,3,98,1103
false,27709221,1506729600,R&B classics,89,69,49,1,110,1104
false,7939002,1454630400,all songs,28,23,3,1,38,1105
false,10622527,1477353600,julie,44,33,2,1,46,1106
false,11531366,1498435200,Blues,42,23,9,2,46,1107
false,7829963,1428883200,Lets Dance !!!,27,20,7,1,33,1108
false,4671450,1497225600,justin,18,17,12,1,22,1109
false,3614475,1496188800,Kodak Black,12,7,8,2,15,1110
false,10298056,1497916800,Praise Him,26,18,20,1,36,1111
false,5502855,1493078400,Random,20,15,14,1,23,1112
false,1833924,1480118400,Oldies,10,9,8,1,10,1113
false,4162717,1474070400,Get It,19,18,9,1,21,1114
false,14710040,1507507200,old,53,41,15,1,58,1115
false,1616662,1360627200,Bass.,7,7,3,1,7,1116
false,32146860,1492992000,car,127,86,16,1,143,1117
false,5944648,1443916800,house,13,12,8,1,13,1118
false,13877446,1456444800,Old Jams,31,18,12,1,59,1119
false,2999470,1497744000,spanish jams,8,8,2,1,14,1120
false,3918961,1476316800,shower,9,8,2,1,15,1121
false,23551264,1464048000,REPEAT,96,78,35,1,104,1122
false,6850564,1489795200,Folk,11,11,7,1,26,1123
false,4982677,1502668800,Summer 2017,22,22,19,1,22,1124
false,16197706,1463529600,summer music,44,33,11,1,76,1125
false,33540159,1428019200,Gabriel,132,108,47,2,153,1126
false,20556846,1504310400,gym list,67,48,54,1,81,1127
false,5415914,1433116800,Chilly,23,21,15,1,24,1128
false,5940342,1499558400,Hype,23,20,3,1,23,1129
false,16620651,1507507200,SENIOR YEAR,68,60,15,1,74,1130
false,3496142,1401235200,Summer,7,7,3,1,17,1131
false,11407453,1496448000,running 3,53,50,17,1,54,1132
false,10276917,1506470400,Christian songs,38,31,23,1,47,1133
false,2567172,1489104000,WS,12,12,5,3,12,1134
false,13551985,1402876800,Taylor swift,44,32,9,3,62,1135
false,30444514,1505606400,Alternative Rock,99,73,14,1,126,1136
false,22652547,1506470400,bump,100,91,6,2,102,1137
false,44880738,1499212800,Classic Rock,146,92,14,1,173,1138
false,1933635,1482451200,Christmas,9,7,6,1,12,1139
false,25007684,1499558400,Norte√±as,86,38,9,1,129,1140
false,8776249,1507766400,J Cole,12,5,10,1,35,1141
false,17121689,1389744000,Latin,57,32,23,1,76,1142
false,29532982,1505865600,My Music,84,55,75,3,136,1143
false,17817630,1487116800,Emo,13,5,6,1,84,1144
false,9126788,1472342400,TurnUp,31,23,3,1,39,1145
false,16021493,1491696000,Upbeat Country,51,42,10,1,76,1146
false,16525928,1451779200,church songs,51,15,10,2,101,1147
false,13441795,1498435200,superman.,39,30,24,2,54,1148
false,6536353,1476576000,Alternative,26,23,22,1,29,1149
false,21088544,1428624000,Workout,73,50,7,1,90,1150
false,16353749,1486598400,memes,44,51,3,2,116,1151
false,2950917,1509148800,TX,10,8,13,1,12,1152
false,4904557,1494374400,Chill,19,13,3,2,21,1153
false,40595585,1508198400,FF,176,167,83,1,181,1154
false,8514656,1469836800,Rap,24,8,10,1,33,1155
false,21704430,1452297600,Punk,71,47,13,8,104,1156
false,38442410,1499212800,------,146,141,2,1,166,1157
false,14956432,1426636800,Chill,29,23,21,2,49,1158
false,30766930,1492992000,Shower songs,110,93,59,1,131,1159
false,10161117,1508889600,jams,29,21,16,1,46,1160
false,11925892,1503532800,country favs,45,39,5,1,57,1161
false,15367906,1509408000,LIT,63,45,32,1,73,1162
false,4049744,1509062400,september,19,19,6,1,19,1163
false,17216299,1499644800,Rock,27,12,4,1,79,1164
false,15166138,1441497600,90's music,56,44,6,1,64,1165
false,23572058,1468281600,Nice,90,72,38,1,103,1166
false,38548064,1509235200,BANGERZ,122,95,100,1,174,1167
false,6829177,1436832000,#tbt,22,15,2,1,29,1168
false,22054739,1475452800,The PLayliSt,42,24,25,1,94,1169
false,38213913,1489017600,Best,82,49,10,1,176,1170
false,49261326,1498435200,Ibiza 2017,126,155,2,1,171,1171
false,11171506,1484092800,Workin',21,19,7,1,53,1172
false,12605196,1411603200,Indie Mix,29,18,4,1,45,1173
false,24616745,1507593600,oldies,96,73,36,2,107,1174
false,18659240,1509321600,Kendall,75,60,5,1,87,1175
false,30794022,1509408000,feels,93,63,5,1,134,1176
false,4757924,1468368000,Oldies,26,24,2,2,28,1177
false,13671675,1495324800,Running,29,22,7,1,62,1178
false,19202442,1506816000,hoco,76,68,6,1,87,1179
false,15393647,1504483200,punk,45,26,21,1,67,1180
false,12814578,1504915200,Run,45,34,36,1,55,1181
false,13915014,1508025600,Trap,35,14,22,1,56,1182
false,19075711,1463356800,Electric Love,63,58,53,4,86,1183
false,9844668,1509408000,workout,39,33,16,1,42,1184
false,10044644,1477699200,wedding playlist,38,32,2,2,43,1185
false,8845200,1455062400,Mondays,29,20,9,3,34,1186
false,11274468,1479772800,Sept 2016,45,35,16,1,48,1187
false,4407057,1491436800,old bops,17,13,9,1,20,1188
false,8577922,1416614400,Marathon,32,27,2,1,34,1189
false,6108951,1504742400,90's,26,26,13,1,26,1190
false,7980782,1509062400,today,36,32,18,1,37,1191
false,8006947,1409270400,The Glitch Mob,5,3,3,4,25,1192
false,8284927,1506902400,My music,22,19,11,1,29,1193
false,8004982,1506816000,calm,24,21,20,1,33,1194
false,16151146,1443312000,Jesus music,35,25,27,1,58,1195
false,2483515,1419638400,Taylor,11,10,5,1,12,1196
false,5059528,1495411200,Tunes,19,16,2,1,22,1197
false,8691242,1508371200,Waves,35,33,4,1,35,1198
false,14704372,1475452800,meh,53,47,23,1,60,1199
false,2329601,1509494400,other,10,10,7,1,10,1200
false,11207842,1463616000,Baby Making Music,35,32,25,1,40,1201
false,4820772,1508544000,Rap,22,22,8,1,23,1202
false,11394545,1509321600,Spanish,38,27,13,1,50,1203
false,4057173,1508716800,I guess.,20,17,8,1,20,1204
false,37532362,1508716800,mood,114,72,40,4,152,1205
false,19057207,1497139200,wes,55,26,2,1,87,1206
false,12678629,1435449600,Elliott,36,27,31,1,53,1207
false,2789794,1468972800,Random,11,10,5,1,12,1208
false,12444388,1476230400,Booty,41,31,18,1,47,1209
false,16871423,1470960000,Obsessions,70,65,58,2,70,1210
false,7052801,1480464000,calm,24,21,2,1,40,1211
false,21005074,1500854400,Nov 2017,82,80,55,1,83,1212
false,7555473,1504483200,my heart,23,20,4,1,38,1213
false,25609667,1501804800,Rando,98,83,65,2,111,1214
false,12897009,1503792000,Banda,59,40,36,1,67,1215
false,11738301,1504828800,THE Playlist,39,34,30,1,43,1216
false,14164071,1486252800,90s Rock,36,21,7,3,51,1217
false,14528799,1494892800,Beach,44,19,6,2,65,1218
false,45583123,1508630400,Slow Jams,132,91,26,2,161,1219
false,46174356,1491350400,Reggae,95,50,40,1,189,1220
false,5598183,1505347200,most wonderful time of the year,11,7,11,2,29,1221
false,5788670,1496188800,Rap,22,21,7,1,25,1222
false,6064697,1413417600,Breakup Songs,20,15,3,1,27,1223
false,7831473,1509148800,Ehh,35,30,19,1,35,1224
false,5783629,1509494400,happy,27,27,16,1,27,1225
false,8278957,1501372800,summer 17,33,31,11,1,38,1226
false,42868709,1508630400,oldies but goodies,133,91,63,2,162,1227
false,21988194,1504051200,Best songs,48,31,10,2,100,1228
false,18336338,1502582400,gopro,80,69,37,3,81,1229
false,1129595,1506902400,JP,5,5,2,1,5,1230
false,1169522,1492041600,airplane mode,5,5,2,1,5,1231
true,17294929,1419897600,Rock,58,31,15,3,81,1232
false,13958695,1475712000,alt,52,40,10,1,65,1233
false,11014428,1385510400,Dance Dance,40,34,18,1,46,1234
false,5569043,1494547200,Mood,19,15,7,1,23,1235
false,4347827,1441411200,BSO,17,17,2,1,18,1236
false,53309021,1506124800,üôèüèæ,76,34,46,1,187,1237
false,7146009,1508198400,happy chill,22,7,4,1,36,1238
false,6411090,1482278400,lit,14,11,15,2,27,1239
false,7318694,1388707200,country,19,11,3,1,32,1240
false,12806002,1502755200,Rob,36,25,12,2,55,1241
false,12787110,1442966400,Spanish Music,46,33,2,1,57,1242
false,26232579,1437696000,Country,78,37,17,1,112,1243
false,4871526,1387065600,Current,18,17,3,1,20,1244
false,13448452,1480118400,christmas,9,6,2,1,60,1245
false,5062841,1486252800,New,23,22,14,1,24,1246
false,26776794,1461542400,Throwbacks,99,76,3,1,122,1247
false,31766241,1447286400,country,55,34,20,2,125,1248
false,5550908,1415404800,Sad,19,18,5,1,20,1249
false,7497066,1509148800,Electric,32,29,15,1,32,1250
false,10303429,1374624000,Random!,40,37,16,1,45,1251
false,10094402,1484697600,Super chill,33,23,22,1,38,1252
false,11005041,1509148800,Car mix,42,35,16,1,47,1253
false,6808954,1499126400,chinese,25,17,12,1,26,1254
false,38067672,1502755200,old jams,149,107,32,1,168,1255
false,6043685,1418947200,Christmas Time,22,20,8,1,26,1256
false,21733154,1494633600,40th,88,74,2,1,96,1257
false,10077167,1506038400,My List,25,19,5,1,36,1258
false,4407075,1490227200,Disney,14,18,6,1,23,1259
false,5650187,1464307200,Shower,17,9,6,1,25,1260
false,11801064,1504569600,IDGAF,46,42,28,2,53,1261
false,3267570,1420070400,Happy mix,14,13,7,1,15,1262
false,6875492,1487635200,Alt,23,19,3,1,32,1263
false,6523183,1443139200,Try Me,28,26,7,1,29,1264
false,21020392,1509235200,Bumpin',67,51,25,1,94,1265
false,8509907,1508544000,sad,33,25,23,1,36,1266
false,4174803,1505606400,Painting,13,6,7,1,16,1267
true,2111001,1478390400,Mad,11,11,5,2,11,1268
false,16486224,1436832000,mix,40,21,13,1,63,1269
false,12898401,1455667200,Chill,53,43,32,1,56,1270
false,31639482,1509408000,Paisa,119,69,92,1,156,1271
false,5127101,1503964800,Slow Dance,23,20,4,1,24,1272
false,21767993,1504396800,tailgate,90,78,2,1,97,1273
false,6048079,1509235200,Light,24,24,12,1,24,1274
false,30202099,1465171200,Worship Music,63,39,50,1,92,1275
false,44338662,1455148800,FIREFLY 2016,153,97,3,2,196,1276
false,27150420,1449792000,2015 Top Tracks,82,62,2,2,100,1277
false,9566732,1446854400,House Warming,40,36,2,1,44,1278
false,14277848,1449705600,From me to you,56,49,34,1,60,1279
false,9292991,1475971200,childhood,23,13,3,1,45,1280
false,12115720,1505001600,New Wave,45,30,5,1,59,1281
false,12703245,1507248000,Fall 2017,54,49,6,2,57,1282
false,9059293,1335052800,Help.,39,33,6,1,41,1283
false,7836676,1442016000,august 2015,30,28,5,1,33,1284
false,5271930,1475020800,Noosa Tastiest Playlist,24,24,2,1,24,1285
false,12223330,1505174400,Corridos,57,34,5,1,67,1286
false,8165960,1418083200,Spanish Music,26,17,10,2,39,1287
false,26689250,1509148800,new alt,92,79,70,1,118,1288
false,48720415,1501891200,Chill,172,133,98,2,208,1289
false,2205557,1485561600,The good stuff,7,5,2,1,8,1290
false,5946534,1421280000,80s Pop,24,21,4,1,24,1291
false,15135651,1480809600,Drugs,54,42,10,1,66,1292
false,9186365,1507852800,Bangerz,38,37,4,3,43,1293
false,22916645,1460505600,Trap,42,40,10,1,113,1294
false,23308531,1506988800,getting ready,94,75,34,2,106,1295
false,24812451,1508889600,HALLOWEEN,101,89,8,1,110,1296
false,4907779,1492128000,Get Psyched Mix,19,19,2,1,19,1297
true,7275688,1501977600,erin,32,31,7,1,32,1298
false,21357441,1496966400,country,69,49,38,2,99,1299
false,31119038,1509235200,Light,111,73,20,1,133,1300
false,24148062,1499904000,Girls,36,63,6,1,161,1301
false,4552086,1379376000,Country,6,4,3,1,21,1302
false,17117020,1507075200,Its a Trap,51,41,16,1,78,1303
false,15728869,1508889600,EDM,64,38,8,1,69,1304
false,18769732,1504656000,J'Adore,72,65,62,1,77,1305
false,4393444,1434931200,wedding songs,20,20,2,1,20,1306
false,3696843,1508803200,3am,13,13,9,2,21,1307
false,7995930,1508889600,rap stuff.,31,28,33,2,34,1308
false,48821654,1508803200,Jammin,81,33,39,1,194,1309
false,12536793,1404604800,Wanderlust,46,44,14,4,52,1310
false,9156237,1465862400,Summertime,39,33,2,20,39,1311
false,13517519,1483747200,chill,55,53,33,2,62,1312
false,10820646,1509321600,Fun,46,43,33,2,51,1313
false,27090101,1446249600,Vermont,105,79,3,2,110,1314
false,17446301,1468886400,saturday morning,52,51,3,1,68,1315
false,15002275,1501891200,Hotel California,50,35,7,1,54,1316
false,8024862,1495324800,Yacht Rock,31,28,9,1,31,1317
false,27379502,1454716800,warming up,95,78,32,2,109,1318
false,2308275,1506384000,cameron,10,10,2,1,10,1319
false,5064257,1482019200,can i kick it?,19,17,8,1,20,1320
false,6325277,1468195200,Bailando,32,27,13,1,32,1321
false,1764339,1457222400,billy,7,5,2,1,7,1322
false,27901989,1455580800,BLAST from the PAST,37,30,6,2,140,1323
false,50722275,1461024000,New stuff,177,168,14,1,214,1324
false,9063698,1509408000,Love love,32,26,25,1,41,1325
false,34495601,1496966400,Gaming,100,77,18,1,144,1326
false,19906793,1369267200,Counting Crows,47,34,2,1,78,1327
false,43883962,1437782400,Country,118,59,72,1,201,1328
false,3259606,1492732800,montage,17,15,12,1,21,1329
false,5361196,1509408000,car rides,23,19,17,1,25,1330
false,28389318,1459814400,March,101,97,12,1,132,1331
false,3980782,1447113600,Sadness,14,14,2,1,16,1332
false,11266010,1471564800,Party,47,39,24,1,51,1333
false,26378219,1509408000,my,103,95,36,1,110,1334
false,25781554,1509062400,AM,79,50,26,1,108,1335
false,2959623,1495929600,May '17,12,12,11,1,13,1336
false,4693492,1402012800,Pool Party,15,15,6,2,18,1337
false,5058768,1481760000,Karen,14,10,7,2,24,1338
false,57698690,1489449600,Rock,43,13,17,1,217,1339
false,60972778,1509148800,Slow jams,154,91,31,2,228,1340
false,14849656,1509321600,in my feels,40,30,28,1,69,1341
false,12211974,1409702400,Praise,33,20,6,1,45,1342
false,33465130,1469750400,Stuff,68,60,6,1,135,1343
false,5592497,1376006400,remix,18,17,10,1,18,1344
false,35681132,1508889600,Chill Vibes,116,96,72,1,152,1345
false,7035310,1492992000,fall 2016,24,20,8,1,31,1346
false,42246946,1509321600,Up,178,135,63,1,209,1347
false,6351869,1494979200,Summer playlist,29,29,2,1,29,1348
false,14234756,1480204800,down in the dumps,46,36,2,2,57,1349
false,11287369,1458172800,Country Roads,29,16,3,1,50,1350
false,12487694,1506124800,summer,55,47,31,1,59,1351
false,6933827,1411516800,Spring,27,27,15,2,28,1352
false,7602411,1487635200,Practice,32,26,4,1,34,1353
false,4757460,1499472000,im,17,10,11,1,19,1354
false,29972953,1413417600,Party,109,73,9,2,132,1355
false,6995242,1474502400,Nico,27,25,10,1,28,1356
false,3156020,1356739200,Drive,11,9,3,1,11,1357
false,5571910,1496707200,singalongs,25,25,3,1,25,1358
false,5561564,1509321600,road trip:),22,22,10,1,27,1359
false,12933885,1485129600,Country Favorites,45,23,6,1,61,1360
false,14604018,1479686400,Old School,44,37,16,4,50,1361
false,12137117,1490313600,Download,40,29,10,2,49,1362
false,9898422,1501372800,arizona,32,28,9,2,42,1363
false,8569491,1506297600,Disney,31,41,4,1,46,1364
false,8007124,1494979200,Disney,20,32,3,1,42,1365
false,10720320,1419120000,Christmas,19,11,4,1,49,1366
false,43940640,1493596800,Musicals,26,56,6,3,230,1367
false,26396369,1486857600,chill,95,91,43,1,100,1368
false,19269085,1419897600,2014,78,75,64,1,85,1369
false,1495532,1480982400,rad,7,7,5,1,7,1370
false,48199990,1454716800,breathe,148,104,49,1,190,1371
false,18911648,1366588800,INDIE,10,8,2,1,93,1372
false,2542815,1471737600,Baseball,10,10,10,1,10,1373
false,9384387,1480550400,Harvest Moon,30,27,16,1,38,1374
false,55826278,1508803200,Good Vibes,207,160,136,7,237,1375
false,6060847,1505606400,now,28,26,16,1,28,1376
false,4115779,1506556800,Heart Of Gold,11,10,7,1,12,1377
false,2953968,1482537600,Christmas,10,11,4,1,13,1378
false,22519734,1509062400,Be Mine,101,86,48,2,105,1379
false,8786596,1496534400,Hips Don't Lie,34,21,3,1,40,1380
false,40665024,1502755200,Alternative,96,58,19,2,180,1381
true,2813835,1453420800,winter 2015,13,13,14,1,13,1382
false,23854501,1508976000,pow pow,101,87,69,1,103,1383
false,34515983,1509408000,80's,127,117,35,1,134,1384
false,6688215,1501977600,hsm,4,6,2,1,31,1385
false,4601419,1464048000,May 2016,21,21,9,1,21,1386
false,2276084,1505260800,chill,11,9,2,1,11,1387
false,36740915,1507507200,rock,117,80,100,1,144,1388
false,23781762,1506816000,Movie music,84,49,5,3,105,1389
false,14831801,1509321600,throwbacks,59,53,20,1,62,1390
false,45961449,1499472000,california,161,136,7,1,194,1391
false,4823869,1443916800,Autumn Playlist,21,21,2,1,21,1392
false,19097506,1451606400,Class,47,23,3,1,53,1393
false,1878940,1495238400,NEW,8,8,6,1,8,1394
false,4766270,1484956800,Ayy,21,21,2,1,22,1395
false,6821736,1490918400,Hip-Hop,26,15,8,1,28,1396
false,8575150,1503014400,DANCE,33,30,4,1,37,1397
false,16891464,1499817600,T√ºrk√ße Slow,60,41,23,1,68,1398
false,2307604,1506643200,Frozen,10,10,11,1,10,1399
false,5789599,1506211200,Slow Jamz,24,21,15,1,24,1400
false,3906995,1408579200,BK,15,12,11,2,17,1401
false,24306756,1487808000,Me,68,52,33,2,102,1402
false,30495509,1500768000,worship,53,33,8,1,87,1403
false,24910069,1509321600,Eminem,25,6,17,2,86,1404
false,4276151,1503360000,idek,19,18,6,1,19,1405
false,56656483,1508630400,Hip-Hop,170,111,117,2,237,1406
false,53242642,1426809600,christian,23,15,22,2,232,1407
false,12112054,1453248000,feels,29,21,5,1,51,1408
false,42468213,1496102400,jamz,185,163,16,2,197,1409
false,10282911,1441411200,back to school,45,44,8,1,48,1410
false,11127792,1506988800,Dance Club,41,35,4,2,49,1411
false,17363115,1485216000,90s,60,50,3,3,74,1412
false,24966101,1382486400,90's Hits,97,87,2,1,101,1413
false,8756116,1504483200,booze cruise,34,29,9,1,40,1414
false,9776803,1499040000,summa summa,28,25,2,2,42,1415
false,2791822,1466553600,Yeah,12,12,7,1,12,1416
false,19785146,1422662400,Party,66,33,11,1,80,1417
false,10404623,1451520000,fire,27,18,14,1,43,1418
false,8969786,1495411200,mmm,47,37,13,1,51,1419
false,18453853,1487808000,Old,84,72,7,2,88,1420
false,9887989,1481500800,Relax,32,23,15,1,39,1421
false,1582727,1402790400,Sam,7,7,3,1,8,1422
false,52710841,1507334400,Hood,216,187,169,3,235,1423
false,8779170,1445644800,October 2015,18,10,9,1,42,1424
false,31794085,1497571200,Goodies,115,72,31,1,138,1425
false,10204854,1507593600,Latino,40,30,20,1,45,1426
false,2414838,1488067200,favorite worship,8,7,4,1,8,1427
false,5636326,1482969600,Island Time,24,14,3,3,26,1428
false,6014888,1445817600,Kill It!,24,24,17,1,24,1429
false,28879682,1505433600,Rock mix,62,30,8,1,110,1430
false,8286443,1508889600,Wake Up,35,22,7,1,35,1431
false,7962936,1508803200,MVP,34,26,25,6,36,1432
false,6139370,1465516800,Summer,22,19,6,3,29,1433
false,3573873,1501113600,Camp,16,14,2,1,16,1434
false,10828844,1470096000,throwback hits,41,32,2,3,47,1435
false,4588800,1483833600,s o u l,17,17,11,1,19,1436
false,29804787,1508025600,Country,98,43,11,1,132,1437
false,10503226,1482105600,Gracie,43,36,15,1,46,1438
false,6151870,1443744000,spanish jams,27,19,12,3,29,1439
false,4602284,1506643200,French,16,14,6,1,22,1440
false,6413812,1443571200,TriP hOp,20,17,2,1,25,1441
false,9084576,1458777600,country,36,29,5,1,43,1442
false,15371095,1504310400,fall,55,46,27,1,67,1443
false,7582930,1488326400,Study,26,13,4,1,32,1444
false,24193373,1489449600,best songs,71,47,66,1,100,1445
true,10775040,1472169600,Workout,41,40,14,1,45,1446
false,10376665,1443744000,üëåüëåüëå,35,24,4,1,55,1447
false,27855309,1424044800,white girl music,89,66,33,1,120,1448
false,20828128,1509408000,Paint,57,49,43,2,89,1449
false,5753710,1487635200,road trip,17,15,3,1,24,1450
false,9635263,1468022400,Best mix,33,24,4,1,42,1451
true,14654975,1489708800,Glee Cast,13,3,6,1,67,1452
false,37854230,1503705600,Country,75,49,40,2,152,1453
false,3272864,1500940800,session,10,10,8,1,12,1454
false,30702581,1486080000,Vibin',75,46,27,2,94,1455
false,13965843,1497657600,weeknd,51,33,30,1,61,1456
false,15824764,1431561600,Bus ride,17,10,2,1,68,1457
false,2327652,1399248000,Disney,9,10,3,1,11,1458
false,1903252,1499040000,summer,9,9,3,1,9,1459
false,15589079,1508284800,oldies but goodies,71,51,20,2,80,1460
false,44713065,1447200000,Country,131,69,46,1,202,1461
false,8660888,1509408000,Fall,42,41,6,3,42,1462
false,13087211,1509062400,You already know,53,43,30,1,58,1463
false,17259841,1441411200,Road Trip,70,43,2,1,79,1464
false,5855822,1393545600,FOR EMMA,23,20,4,1,23,1465
false,5414858,1508630400,bumpin,23,18,11,2,23,1466
false,6846437,1459555200,morning.,26,19,14,2,28,1467
false,33620675,1464739200,chill,120,97,38,1,144,1468
false,11987676,1468886400,chillout,43,34,11,2,52,1469
false,7309395,1508630400,Fall 2017,32,32,2,1,32,1470
false,6782007,1461715200,heaven,14,10,14,2,20,1471
false,6704421,1508112000,fav rap :),27,21,19,1,31,1472
false,21708783,1479772800,Rock/Alt,62,35,20,1,85,1473
false,2525150,1486252800,2017,11,9,5,1,12,1474
false,3697914,1471046400,good,18,18,6,1,18,1475
false,37840227,1452211200,Teen Angst,88,49,54,1,183,1476
false,2079941,1402444800,rap 1,10,9,7,1,10,1477
false,2484693,1496188800,idk yet,9,9,4,1,11,1478
false,7435366,1508630400,peter,28,21,3,2,31,1479
false,40509457,1463097600,everything,109,90,48,2,177,1480
false,23057899,1440806400,jens,82,71,7,1,93,1481
false,56278678,1507507200,jamzzz,162,97,70,2,246,1482
false,3993675,1508371200,howdy,15,14,5,1,18,1483
false,9336120,1402358400,hawaii,15,8,2,1,42,1484
false,2818719,1484179200,good music :),9,7,6,1,12,1485
false,18280128,1464825600,chill jams,68,60,6,1,78,1486
false,30129172,1477785600,Tropicales,103,73,17,1,141,1487
false,2481806,1493683200,l o v e,13,13,2,1,15,1488
false,15495499,1505779200,Dat new new,62,49,2,2,71,1489
false,4598426,1396742400,Snowboarding,15,14,9,1,18,1490
false,16328009,1501372800,Musicals,36,45,21,1,81,1491
false,42359301,1487376000,70's,134,67,87,4,166,1492
false,17356576,1503878400,/chill,67,58,5,1,75,1493
false,12487630,1424304000,2015,27,17,8,1,50,1494
false,10731872,1508371200,Classic country,48,31,18,1,53,1495
true,23781624,1505433600,Rap,82,55,71,1,98,1496
false,24014308,1509408000,Straight Fire,43,31,61,5,98,1497
false,13752307,1477008000,Just Chillin',55,45,28,1,59,1498
false,17154705,1502323200,pop favorites,68,57,46,2,80,1499
false,9989364,1507939200,Inspiration,36,36,29,1,44,1500
false,19062433,1498953600,band songs,70,57,3,1,91,1501
false,2901789,1497657600,spanish playlist,8,7,8,1,14,1502
false,7814079,1507334400,L1,24,19,5,1,32,1503
false,15156621,1509148800,Country,61,45,49,1,74,1504
false,3933339,1500681600,Oldies But Goodies,15,12,7,1,17,1505
false,7801326,1429833600,pole,30,24,21,1,32,1506
false,10501295,1493596800,Oldies,29,20,2,1,37,1507
false,2275902,1371081600,Morning,9,8,2,2,11,1508
false,10453944,1493424000,Mine,34,24,16,1,40,1509
false,17061183,1491955200,nostalgic,60,47,7,1,68,1510
false,7428774,1498867200,Q2,31,28,24,1,34,1511
false,13015887,1498003200,Mine,48,40,5,1,54,1512
false,7165051,1467763200,May,28,27,2,1,28,1513
false,16083605,1426118400,Easy Listening,12,4,3,1,72,1514
false,19514768,1417305600,Vallenato,43,21,5,1,71,1515
false,15685075,1508457600,Throwback,58,55,20,2,66,1516
false,12076263,1487116800,worship,36,23,10,1,41,1517
false,23843119,1395619200,Happy Hardcore Top 100,23,69,2,1,100,1518
false,12952422,1509148800,litty,44,35,19,2,62,1519
false,5122269,1426982400,Warmup,21,18,3,1,21,1520
false,7031323,1506470400,yoga,31,29,3,1,32,1521
false,30364617,1503705600,Work in progress,89,53,41,6,126,1522
false,4878253,1416700800,Baking,21,17,5,1,26,1523
false,1843298,1494460800,post rock,4,3,5,1,5,1524
false,26111762,1489276800,üî•üî•üî•,80,60,35,1,116,1525
false,29866547,1421798400,holiday cheer,86,86,8,1,167,1526
false,8373982,1492646400,Feels,34,33,14,1,35,1527
false,35110998,1495324800,Beatles,32,4,5,1,202,1528
false,11173618,1462665600,Rancheras,42,19,4,2,59,1529
false,19049496,1499990400,ThrowBack Pop,68,60,10,1,80,1530
false,11874783,1504137600,meditate,33,30,13,1,47,1531
false,39141682,1411171200,Electronic,116,86,81,1,131,1532
false,2342786,1489968000,background noise,10,9,4,2,11,1533
false,6878741,1505001600,wedding playlist,31,30,9,2,31,1534
false,2000155,1393977600,Spanish,8,6,3,1,8,1535
false,22539326,1507593600,fall 2015,70,57,20,1,97,1536
false,6659549,1508371200,older songs,26,21,9,1,30,1537
false,9870115,1449705600,BOMB,33,18,7,1,43,1538
false,7738035,1485475200,2009,26,22,10,1,34,1539
false,14006686,1455321600,New,56,47,9,1,64,1540
false,9361651,1498780800,Sleep,36,18,5,1,45,1541
false,4752719,1500940800,high school,16,11,9,1,20,1542
false,37869197,1508371200,unknown,111,79,67,1,163,1543
false,8249146,1509148800,vibe,31,25,19,6,40,1544
false,4978240,1478304000,work out,21,17,11,1,21,1545
false,15278953,1489536000,throwbacksss,52,37,6,1,70,1546
false,9983270,1509235200,Kids Playlist,36,41,19,1,58,1547
false,10362291,1504915200,pregame,47,33,28,1,54,1548
false,4967844,1507507200,<3,19,14,7,2,23,1549
false,24320107,1484092800,2017,89,78,16,1,99,1550
false,33549587,1456704000,Afrikaans,51,35,17,4,144,1551
false,13558780,1508716800,Christian Playlist,44,38,26,1,52,1552
false,11630775,1407024000,slowmotion,54,52,4,1,58,1553
false,3222802,1491004800,summer,11,11,2,1,15,1554
false,12554502,1484870400,Jamie,39,29,8,2,51,1555
false,6644682,1507680000,Favorite songs,17,10,16,1,30,1556
false,3758578,1503878400,My High-Intensity Workout,17,17,2,1,17,1557
false,33812412,1482537600,Good Country,116,56,14,2,152,1558
false,6406645,1500163200,‚ù§Ô∏è,30,26,9,1,31,1559
false,35609615,1508284800,serenity,101,66,70,1,149,1560
false,9915452,1385596800,H2O,43,42,17,1,43,1561
false,1545574,1509408000,Electronic,7,7,6,1,7,1562
false,59825678,1466035200,Pole,215,172,122,2,241,1563
false,39693048,1506902400,Current,139,92,40,1,161,1564
false,9810917,1468713600,Hawaii,43,37,9,1,45,1565
false,16375372,1451779200,my favorite songs,38,20,4,1,68,1566
false,12971925,1480204800,November 2016,60,60,3,2,60,1567
true,28938416,1509062400,Rap / hip hop,112,82,82,2,123,1568
false,3531468,1496016000,workout,15,14,3,1,16,1569
false,50997790,1432598400,study!,149,108,129,2,230,1570
false,41602965,1406332800,Sleep,131,103,39,1,177,1571
false,16440868,1477785600,workout,65,54,16,2,73,1572
false,3362328,1485820800,Peace Out,16,16,12,1,16,1573
false,18154616,1508889600,Best of 2016,72,66,7,2,83,1574
false,4761570,1505520000,Good Music,20,15,6,1,20,1575
false,4541471,1498435200,Camp,18,16,6,3,21,1576
false,7695039,1508371200,current,34,29,29,1,36,1577
false,17014050,1464220800,Roadtrip,69,55,14,1,72,1578
false,7900986,1476057600,car ride,30,29,3,1,33,1579
false,8026083,1509408000,Fall,33,27,4,1,40,1580
false,9283894,1425945600,80s jams,37,33,3,1,37,1581
false,15809385,1434153600,Party,63,47,8,2,74,1582
false,37093105,1503792000,Wedding,157,113,122,1,172,1583
false,39251813,1508371200,HITS,129,76,15,1,170,1584
false,49381863,1508371200,Country,152,92,91,1,224,1585
false,4337504,1483401600,Love,16,15,18,1,17,1586
false,9892334,1503532800,Cloudy Days,34,30,20,1,41,1587
false,25454297,1450915200,üî•üî•,76,45,43,1,103,1588
false,4248860,1498608000,mood,13,12,3,2,17,1589
false,7402388,1500336000,oldies,20,5,4,2,38,1590
false,18175850,1459382400,study,62,55,20,2,81,1591
false,11914731,1461628800,Kid,56,52,3,1,57,1592
false,15355228,1504828800,Intense,56,49,7,1,69,1593
false,27513305,1500854400,NKOTB,22,6,10,2,116,1594
false,9477573,1505088000,Good stuff,32,23,20,1,41,1595
false,6765805,1436659200,Favorite Country,18,14,8,1,30,1596
false,9681786,1387065600,Chill music,28,20,23,1,38,1597
false,5505945,1468800000,old,21,15,9,1,24,1598
false,24685816,1509321600,chill,80,69,61,1,98,1599
false,4748365,1506988800,skrt skrt,17,16,17,1,20,1600
false,3510999,1451865600,yay,16,14,4,1,16,1601
false,7158415,1506643200,SEPTEMBER '17,27,24,17,1,31,1602
false,9835215,1472083200,july 2016,40,35,10,1,46,1603
false,18399126,1499126400,sum17,75,70,15,2,83,1604
false,40202476,1446336000,Country,123,48,21,2,178,1605
false,1700440,1485648000,youtubers,10,8,5,1,10,1606
false,14844807,1509408000,sleeps,53,41,7,1,61,1607
false,35369066,1505433600,Country,104,59,26,6,162,1608
false,8910735,1465689600,Yacht Rock,23,15,2,2,32,1609
false,28215823,1456012800,rage,110,93,56,3,124,1610
false,12359508,1509062400,fallen,51,42,22,1,53,1611
false,13111016,1492992000,Sunday,37,23,4,1,56,1612
false,10429686,1460160000,Chill,42,30,20,2,46,1613
false,11736912,1508889600,atmosphere,39,30,26,1,52,1614
false,13703570,1494979200,70s,46,37,4,1,52,1615
false,9368874,1404259200,Run,30,24,9,1,40,1616
false,62648956,1504137600,Chill,229,178,29,1,246,1617
false,32672408,1500422400,Alternative,89,74,95,1,129,1618
false,4160592,1508630400,Party Country,16,11,13,1,19,1619
false,12835422,1375142400,Christian Music,16,9,8,1,50,1620
false,8757796,1459382400,Dance,39,32,7,1,39,1621
false,17502217,1506556800,Country,60,40,25,1,80,1622
false,13841548,1501286400,mix,51,41,17,1,60,1623
false,7415866,1454112000,Christian,16,12,4,1,29,1624
false,11816692,1453680000,NYE,47,44,3,1,53,1625
false,29111414,1508457600,Summer17,115,97,16,2,139,1626
false,45999960,1500336000,LIT,180,149,6,1,200,1627
false,36697764,1492473600,2016,138,82,56,1,161,1628
false,14464646,1495584000,2017 spring,52,51,30,6,58,1629
false,14634059,1505260800,Closer,62,50,39,1,65,1630
false,3052141,1502668800,2017 Summer,12,7,3,1,14,1631
false,10821965,1485388800,HS,44,39,3,1,48,1632
false,14801506,1458259200,//Pretty Little Liars//,55,50,23,3,63,1633
false,22353669,1509235200,Rap,83,64,55,1,96,1634
false,29452409,1507852800,sad boi,58,41,14,2,118,1635
false,8948023,1496620800,Best,30,21,5,1,39,1636
false,7704516,1482105600,Party Tunes,31,23,2,1,33,1637
false,6422392,1507507200,VOODOO,15,9,3,1,27,1638
false,5057394,1456358400,Classics,20,20,4,1,21,1639
false,7163535,1508976000,Soul/Blues,29,26,22,1,31,1640
false,10218470,1430697600,Pregame,44,42,15,1,46,1641
false,58715570,1499040000,driving music,207,180,118,1,236,1642
false,4159370,1493856000,Yellow Claw,9,3,12,2,21,1643
false,14206239,1509062400,Bump,58,49,52,1,65,1644
false,10248715,1438646400,PREGAME,42,36,9,1,46,1645
false,4372827,1467849600,Rosa,18,15,7,1,22,1646
false,40787930,1388361600,Party,100,63,17,2,176,1647
false,26013775,1449964800,Kai,60,44,4,2,102,1648
false,50546122,1398988800,Jesus music,67,40,44,1,190,1649
false,16748279,1496620800,May,56,42,21,1,77,1650
false,17765197,1439251200,Urbano,56,33,9,1,81,1651
false,6335372,1462492800,Run Run Run,24,23,14,2,30,1652
false,4450683,1499644800,LONDON!!!,19,16,3,1,22,1653
false,15183654,1486857600,lib,62,55,5,2,66,1654
false,7543868,1507420800,latin mix,26,18,27,1,35,1655
false,11498229,1478995200,dad,42,42,2,1,42,1656
false,3459271,1397952000,About Time,12,15,2,1,16,1657
false,15050327,1508803200,Throwback,63,49,15,2,67,1658
false,6414030,1501113600,muzic,22,18,23,1,26,1659
false,19159137,1506816000,Lounging,82,76,63,1,83,1660
false,1896064,1403913600,Summer Camp,9,9,4,1,9,1661
false,5275867,1461542400,hmmm,19,15,6,1,23,1662
false,22973906,1490054400,My Hits,88,51,36,1,106,1663
false,26436588,1509408000,Dad Rock,66,30,35,4,95,1664
false,11610504,1498435200,Sophie's Playlist,48,46,7,5,54,1665
false,20434255,1490054400,Summa,91,80,23,1,97,1666
false,50478784,1471910400,hip hop,116,84,4,1,227,1667
false,55817295,1506211200,Beats,181,94,17,1,235,1668
false,17541246,1475539200,summer 16,77,70,47,2,79,1669
false,15286108,1472083200,THE MIX,58,47,7,2,62,1670
false,13354269,1508976000,worship,19,13,7,1,49,1671
false,7093957,1412553600,SEX PLAYLIST,28,24,8,2,31,1672
false,4500474,1427414400,WIP,12,11,6,4,19,1673
false,4924641,1466467200,Chill rap,8,4,2,2,21,1674
false,6554807,1482451200,a good playlist,25,21,2,1,28,1675
false,9105447,1509235200,Too Good,38,36,25,1,42,1676
false,6064977,1430524800,Country mix,24,17,5,1,27,1677
false,7197776,1489190400,5K,32,26,26,1,32,1678
false,9328526,1508976000,MDW,38,36,21,1,41,1679
false,10049472,1488499200,that good good,42,39,30,1,47,1680
false,13135768,1469404800,Country,48,43,3,1,54,1681
false,4347121,1501977600,New,20,14,14,1,21,1682
false,6900844,1497657600,gabrielle,27,24,6,1,30,1683
false,27570670,1497657600,carpe diem,91,67,22,1,113,1684
false,6079192,1402704000,Country,21,18,5,1,25,1685
false,7869211,1463529600,Playlist,24,18,9,1,34,1686
false,16721543,1444953600,Workout,51,32,8,1,63,1687
false,5721056,1430956800,SPRING!,25,25,15,1,26,1688
false,46104121,1489449600,Study,123,101,11,3,170,1689
false,17039586,1482969600,Christmas,40,37,25,1,88,1690
false,23376868,1508716800,work,71,49,41,1,106,1691
false,5633071,1482192000,Brandon,19,17,2,1,26,1692
false,24956208,1495929600,vroom,90,74,49,1,110,1693
false,9802383,1495756800,car,39,36,5,1,39,1694
false,10549563,1499817600,essentials,42,38,8,1,43,1695
false,8587001,1454544000,party?,29,26,10,1,33,1696
false,2545231,1508889600,2017,10,10,10,1,11,1697
false,14371246,1507507200,Movie Soundtracks,29,14,14,1,54,1698
false,3575949,1434931200,Offline,14,12,3,1,15,1699
false,6901269,1431648000,Chill Music,21,14,15,1,27,1700
false,12823823,1509062400,Female Vocals,49,33,14,1,62,1701
false,12589915,1472169600,Skrt,46,37,27,2,56,1702
false,22042289,1485302400,fall,74,62,31,1,84,1703
false,10773735,1381795200,Electric,26,13,5,1,38,1704
false,4212448,1471478400,Country 1,14,8,4,1,19,1705
false,12355792,1485043200,Weekly,49,46,33,1,53,1706
false,4193395,1507593600,Paige,19,16,5,2,19,1707
false,7536328,1468454400,Franz√∂sisch,23,20,14,1,32,1708
false,27279541,1468972800,Gym,94,83,33,2,117,1709
false,6064411,1450742400,Work,21,20,5,1,26,1710
false,9370565,1474934400,Worship,17,16,7,1,28,1711
false,18859069,1506902400,dance,84,68,18,1,89,1712
false,37177474,1509408000,summer 2k17,140,106,88,1,168,1713
false,3522907,1418342400,SiNgInG sOnGs,13,10,2,1,15,1714
false,26056358,1508716800,sleepytime,88,68,30,1,99,1715
false,1887163,1482969600,snowboarding,7,7,6,1,8,1716
false,4931826,1478304000,Inspiration,24,24,9,2,25,1717
false,32913838,1479340800,thai,66,55,42,5,98,1718
false,22275432,1401667200,Yuridia,10,3,3,2,93,1719
false,4301727,1485907200,Finesse,16,13,7,1,20,1720
false,9604667,1497139200,DUB,13,9,3,1,45,1721
false,23386587,1472083200,Gospel Mix,48,39,23,1,67,1722
false,14936700,1373500800,Work Out,58,47,25,1,63,1723
false,8068303,1504569600,country,33,24,14,1,37,1724
false,10134175,1468454400,BBQ,39,34,7,1,40,1725
false,12231336,1501372800,Old music,53,38,15,1,64,1726
false,6008364,1489795200,Nate,15,15,16,1,26,1727
false,28571329,1508803200,old soul,74,45,39,2,104,1728
false,2481965,1508716800,Do I Wanna Know?,5,4,5,3,11,1729
false,19097641,1506556800,Snowboarding,73,57,19,2,81,1730
false,10028526,1502496000,Disney,27,39,3,1,55,1731
false,7689407,1389398400,Quirky,27,26,7,1,29,1732
false,4570610,1399852800,oldies,19,18,7,1,19,1733
false,31254469,1508371200,Classics,121,84,7,1,132,1734
false,6250216,1507766400,Yas,22,19,4,1,26,1735
false,8955468,1401148800,Reggaeton,32,20,3,5,40,1736
false,11124040,1490313600,yaaas,32,27,11,2,44,1737
false,3498316,1463011200,‚ù§Ô∏è,13,9,2,1,14,1738
false,20600260,1505779200,escuela,86,63,19,2,93,1739
false,13749834,1486771200,Chill,47,25,6,1,64,1740
false,27018842,1484006400,Shredding,98,88,42,4,110,1741
false,12443582,1508976000,Remixes,55,49,18,1,55,1742
true,5155422,1494892800,MH,23,19,11,1,23,1743
false,10724955,1469750400,Rock,34,25,3,1,42,1744
false,37427052,1501891200,mar,15,6,3,3,168,1745
false,7091721,1505952000,broadway,7,17,8,1,28,1746
false,2073537,1381449600,90's,9,9,2,1,9,1747
false,14241670,1506211200,september,51,38,10,1,63,1748
false,12396352,1497139200,Sorry,23,9,12,3,59,1749
false,3938462,1336521600,No Limit,12,8,2,87,14,1750
false,21631397,1423008000,partay,83,70,5,1,92,1751
false,7161770,1488844800,leggo,30,24,10,1,32,1752
false,6329175,1468800000,classico,14,14,9,1,16,1753
false,5619727,1505347200,sad,22,20,7,1,23,1754
false,1969729,1468972800,sad song,9,9,2,1,9,1755
true,35870144,1492905600,Country,67,35,10,1,159,1756
false,2568865,1375747200,washed out,8,7,5,1,8,1757
false,6429102,1495152000,Pump,19,15,5,1,26,1758
false,15186736,1469059200,Flashback,33,14,12,1,67,1759
false,1918136,1508371200,Calming songs,8,8,7,1,8,1760
false,24253418,1479772800,Relax,84,61,49,2,103,1761
false,15622065,1374019200,Summer 2013,54,42,9,1,60,1762
false,3584684,1433548800,sia,10,5,2,1,15,1763
false,12760138,1422316800,woohoo,38,32,44,1,56,1764
false,5579347,1481932800,carride,23,22,3,1,23,1765
false,44404776,1503273600,Musicales,79,128,87,1,204,1766
false,49595577,1454544000,Good Music,172,144,88,15,212,1767
false,5017617,1460592000,Wedding Dinner Music,24,16,3,1,26,1768
false,1849937,1486339200,Chill,8,10,4,1,11,1769
false,4181562,1430870400,May 2015,17,17,7,1,17,1770
false,15267196,1458777600,Groovy,69,63,42,1,72,1771
false,21017285,1508457600,Alternative/Rock,74,54,60,6,86,1772
false,32758942,1505174400,Chill,124,118,66,2,130,1773
false,1231494,1475798400,warrior,5,4,4,1,5,1774
false,45016867,1508889600,hyfr,184,152,86,4,206,1775
false,19933208,1490486400,no lyrics,38,27,25,1,79,1776
false,8483318,1500076800,Spotify.Me,36,28,3,1,38,1777
false,53012456,1502841600,Party,147,89,131,3,225,1778
false,17886216,1500163200,Bet,37,28,2,1,78,1779
false,34282695,1508976000,‚ù§‚ù§‚ù§,95,61,35,2,165,1780
false,37370678,1479772800,christian.,110,66,22,1,153,1781
false,4273309,1446076800,The Game,15,11,8,1,16,1782
false,38617627,1458345600,// Drive,114,98,10,2,171,1783
false,9787635,1503878400,Hindi,24,16,13,1,30,1784
false,3765701,1473033600,Canciones,19,16,15,1,19,1785
false,11298269,1505692800,Yeah,44,32,7,1,50,1786
false,15406810,1502755200,settle down,57,49,40,1,65,1787
false,45450487,1507680000,Way Back When,149,103,60,3,187,1788
false,8233572,1485820800,I'm sorry,30,26,7,3,35,1789
false,8811546,1461110400,Lust,15,14,14,1,16,1790
false,69200238,1502323200,Garage,105,115,27,7,177,1791
false,17744113,1396483200,Florence + The Machine,28,13,8,1,76,1792
false,10930521,1433894400,Bonfire!!,44,42,3,1,51,1793
false,11539251,1502668800,Work Music,49,42,4,1,53,1794
false,4120763,1505260800,EDM,18,17,13,1,18,1795
false,9589578,1403222400,songs to sing to,37,36,28,1,43,1796
false,9014584,1381622400,Covers,3,29,2,1,40,1797
false,25425799,1477612800,hoco,98,76,11,1,110,1798
false,12984982,1474934400,September 2016,42,36,37,1,56,1799
false,8876213,1489795200,party 2,32,28,3,1,38,1800
false,8018925,1502668800,Tom,17,6,3,1,28,1801
true,18595734,1369094400,4AM,45,28,16,1,60,1802
false,11518289,1506297600,lake,50,38,3,2,53,1803
false,8423028,1508716800,House,32,19,8,1,33,1804
false,4126921,1439164800,camp,19,19,12,1,20,1805
false,18484616,1487030400,Disney,42,78,12,1,107,1806
false,8157355,1507852800,Feeling myself,34,23,14,1,36,1807
false,13776479,1387065600,Holiday Party,42,29,2,1,57,1808
false,4456896,1503446400,now,20,19,13,4,20,1809
false,13677598,1503964800,Jams,57,50,19,1,63,1810
false,22428354,1508457600,BEAST MODE,72,50,70,2,101,1811
false,25186165,1509062400,...mind,89,75,56,3,104,1812
false,40945363,1497139200,Rap,71,39,10,1,169,1813
false,41548015,1492992000,march '17,150,146,28,1,181,1814
false,14954685,1503187200,fun,60,47,26,4,68,1815
false,12412128,1508198400,lift,49,37,8,1,52,1816
false,9775054,1507593600,beats,43,37,8,2,45,1817
false,5635974,1502064000,Jazz Mix,19,17,15,2,19,1818
false,3486598,1502755200,Mom,6,5,7,1,11,1819
false,3948420,1416614400,Ceremony Music,16,15,3,1,18,1820
false,20918335,1476489600,car ride,86,79,8,2,93,1821
false,22572415,1509408000,‚òÅÔ∏è‚òÅÔ∏è‚òÅÔ∏è,58,38,39,1,95,1822
false,10820950,1482883200,New Years,47,43,2,1,48,1823
false,30952419,1509062400,getting ready,138,106,110,10,149,1824
false,53858127,1481500800,Jesse,116,74,29,4,223,1825
false,18228232,1505520000,reggaeton,55,35,29,4,66,1826
false,52174563,1441065600,Now,52,44,21,1,222,1827
false,44503415,1356393600,My Favorites,127,86,53,1,201,1828
false,17284824,1509408000,AM,67,59,25,2,77,1829
false,13749175,1396396800,cd,52,42,27,1,61,1830
false,29858215,1509408000,Good Music,90,62,22,1,111,1831
false,5655376,1474156800,workout,25,20,14,1,27,1832
false,7150347,1470009600,Driving,26,25,23,4,28,1833
false,20828323,1506643200,Coke Studio,26,36,6,1,48,1834
false,3239193,1471564800,Suicide Squad,10,15,2,1,15,1835
false,36086363,1489276800,Musica,122,83,21,1,164,1836
false,2257804,1504828800,Chill,9,9,7,3,10,1837
false,18022369,1497139200,this,60,40,21,1,77,1838
false,2878064,1396224000,Classic,11,11,8,2,11,1839
false,15066252,1454976000,Vibes,39,29,8,1,50,1840
false,30626322,1502496000,getting ready,118,91,9,1,134,1841
false,28393449,1437609600,Running,103,91,64,3,115,1842
false,9321456,1466899200,Relaxing,36,33,11,1,39,1843
false,9338543,1464480000,Lindsey Stirling,21,10,5,2,41,1844
false,5337021,1466640000,The Cave,15,8,4,1,20,1845
false,19456950,1480636800,All Good,72,56,19,1,78,1846
false,3178155,1482278400,Jam,12,11,9,1,15,1847
false,6042542,1501200000,Flawless,22,17,6,4,28,1848
false,8972066,1416873600,Sleepy,37,36,10,2,52,1849
false,3176314,1498003200,‚ùÑÔ∏è,12,10,4,1,13,1850
false,44280972,1509494400,mmm.,145,105,126,1,182,1851
false,9552286,1452988800,January 2016,33,32,5,2,42,1852
false,32323985,1504051200,Jammin',126,95,13,1,146,1853
false,1593650,1491177600,kids songs,6,6,3,1,6,1854
false,18873971,1409529600,Music,63,46,14,1,81,1855
false,35914291,1420588800,Pitbull,16,32,2,1,171,1856
false,42244827,1508112000,Throwbackkkk,133,82,46,2,183,1857
false,7456484,1508889600,smiles :),23,21,6,2,32,1858
false,7181265,1497916800,Island Vibes,28,23,9,1,31,1859
false,12731034,1507161600,100,50,46,18,1,54,1860
false,7430240,1451952000,workout,25,19,5,3,32,1861
false,42649661,1498348800,bed time,37,17,12,2,190,1862
false,13697857,1504656000,cole,56,48,32,1,65,1863
false,14206180,1508889600,Slapz,61,37,48,1,69,1864
false,22044150,1476316800,Pool,83,73,48,1,100,1865
false,32870213,1388102400,In the Name of Love,95,76,31,1,142,1866
false,11008857,1506470400,Trap,43,35,17,2,50,1867
false,9711434,1500940800,alive,32,27,12,1,38,1868
false,33043771,1455753600,Workout!,118,85,53,2,145,1869
false,2184089,1366329600,HAPPY PLAYLIST,11,11,3,1,11,1870
false,10159133,1508630400,chill edm,44,30,37,1,48,1871
false,14761512,1495065600,Eminem,20,7,12,2,51,1872
false,15718693,1493683200,Chill,44,28,34,8,68,1873
false,22586496,1505001600,scott,74,53,14,1,91,1874
false,16905776,1503619200,mmmm//,57,39,21,1,68,1875
false,32268820,1501545600,TX Country,93,56,20,1,133,1876
false,14614294,1475884800,vibrations,61,57,26,1,62,1877
false,14531977,1465603200,Rave,51,9,3,1,59,1878
false,7554888,1468108800,Zzzzzzzz......,31,28,16,4,33,1879
false,14948702,1495929600,Happiness,58,45,31,1,67,1880
false,4539048,1442620800,Italy,16,16,3,1,18,1881
false,8751244,1487462400,sound of silence,30,14,2,1,38,1882
false,36205974,1490313600,Texas Country,64,22,2,1,154,1883
false,23974340,1508371200,üíØüíØüíØ,94,71,73,1,103,1884
false,7342081,1496707200,Summer of Love,18,9,2,1,41,1885
false,24564110,1509408000,day to day,88,85,39,1,94,1886
false,9678294,1456185600,Saturday,34,25,9,1,39,1887
false,5729195,1448236800,hmm,19,10,9,1,25,1888
false,1880744,1382313600,Stay awake,8,6,3,1,8,1889
false,9572597,1509321600,üíóüíóüíó,46,45,39,3,46,1890
false,7476922,1505520000,setlist,28,24,2,1,32,1891
false,4655520,1502928000,Summer17,14,9,7,1,17,1892
false,20729803,1497312000,Sexual,74,52,38,5,88,1893
false,28374677,1489795200,bump,89,60,17,1,122,1894
false,5246494,1475712000,Michelle,25,24,3,1,25,1895
true,29696474,1491868800,RECENT,84,55,61,4,134,1896
false,20776244,1508889600,sick tunes,71,55,69,1,77,1897
false,13787910,1374883200,Chillin,46,31,7,4,62,1898
false,6032205,1504656000,Classics,21,7,3,1,32,1899
false,15310983,1508889600,Chill,61,57,13,1,67,1900
false,30778985,1506902400,songs i like,121,101,49,1,135,1901
false,21041601,1505952000,Country Lovin,37,22,6,1,101,1902
false,4255618,1461628800,Newer stuff,16,14,11,1,17,1903
false,2002971,1494806400,funk,5,4,4,1,6,1904
false,16651240,1492992000,Rap,47,29,13,1,71,1905
false,27429643,1498262400,party,90,65,2,1,117,1906
false,9820628,1503446400,idk man,38,37,25,82,45,1907
false,3234435,1507248000,Banda,14,8,7,2,17,1908
false,41339281,1506729600,vibin,134,93,41,1,176,1909
false,7221016,1464912000,inspiring,31,26,8,1,32,1910
false,29903761,1493164800,Sabina,16,3,15,1,105,1911
false,4729050,1493251200,mmm,15,13,9,1,20,1912
false,16658714,1485129600,Black Beatles,22,14,7,1,69,1913
false,1121518,1489017600,You&Me,5,5,2,1,5,1914
false,5367615,1488412800,country,6,6,6,1,23,1915
false,21553151,1501113600,yee,79,75,65,1,91,1916
false,2528191,1436745600,yes,11,10,8,1,11,1917
false,9066329,1500508800,yoga,32,31,15,1,35,1918
false,6798008,1509321600,Pop/Chill,33,33,7,1,33,1919
false,1778213,1382572800,Feel Good Songs,8,8,7,1,8,1920
false,12057237,1449187200,Idk,10,8,5,3,52,1921
false,6026660,1437177600,snowboarding,24,22,16,1,27,1922
false,38583631,1509235200,Childhood Jams,64,51,13,23,196,1923
false,19143450,1444953600,Par-Tay!,53,58,20,4,80,1924
false,20094096,1508889600,For You,79,70,26,1,87,1925
false,14837547,1508889600,feels,46,31,16,1,64,1926
false,4731874,1430524800,.15,15,14,2,1,20,1927
false,2675490,1499904000,Jam Songs,11,11,6,1,12,1928
false,4828117,1506124800,Working,14,8,7,1,20,1929
false,7085538,1348790400,Spring 2012,29,28,10,2,30,1930
false,5739282,1479600000,throwback,14,9,2,5,22,1931
false,22288184,1505952000,Demons,76,56,68,1,96,1932
false,23690167,1509235200,ghana,74,40,45,1,106,1933
false,20053228,1499299200,alt,71,54,6,1,91,1934
false,40262586,1496016000,mhm,144,122,12,3,176,1935
false,7963185,1508889600,chillen,28,27,28,1,35,1936
false,15955231,1509062400,Vibez,67,33,42,1,76,1937
false,16766883,1500163200,Rock.....,39,19,5,1,57,1938
true,4589465,1495756800,SEX,15,14,10,1,16,1939
false,5686871,1487548800,Black,24,20,15,1,26,1940
false,17749516,1475452800,Gospel,35,25,22,1,54,1941
false,15059250,1503705600,Summer,60,51,9,2,62,1942
false,7914087,1477526400,GUILTY PLEASURES,36,35,3,1,36,1943
false,35742694,1442275200,Afrobeats,95,80,17,1,127,1944
false,25079551,1507939200,Happy :),111,97,66,2,117,1945
false,25542723,1508457600,pregame,90,60,4,3,111,1946
false,27004111,1457740800,workout 2,82,56,16,1,120,1947
false,4278631,1446681600,Rock,9,6,6,1,18,1948
false,48042748,1484697600,Old School R&B,114,66,54,1,165,1949
false,3793344,1440979200,Electronic,11,9,3,1,16,1950
false,31637159,1366761600,Classical,75,40,2,2,121,1951
false,9058086,1473724800,...chill_out...,29,27,14,1,35,1952
false,13404955,1470441600,POST,50,44,14,1,53,1953
false,46406687,1505433600,Drake,66,34,51,2,186,1954
false,26280427,1503964800,Feel Good,108,98,49,1,120,1955
false,9780055,1503532800,‚ô°‚ô°‚ô°,37,30,6,1,43,1956
false,22992131,1502496000,summer,101,77,5,1,110,1957
false,8444679,1461456000,HYPEBEAST,26,18,20,1,36,1958
false,1597052,1495497600,random,8,8,7,1,8,1959
false,19338197,1407283200,New Beginning.,74,69,22,2,82,1960
false,5187177,1474848000,lit,20,16,12,4,24,1961
false,27233316,1482537600,Christmas Party,53,46,14,3,132,1962
false,2300023,1442966400,Vinyasa,9,9,2,1,9,1963
false,24349616,1502582400,NewNew,99,82,73,2,104,1964
false,3190522,1394668800,Ash,12,11,7,1,12,1965
false,51569038,1509062400,üî•üî•üî•üî•,163,100,160,1,232,1966
false,4091323,1446076800,HSM,5,5,2,1,20,1967
false,1665715,1508025600,ye,7,7,4,1,7,1968
false,12419329,1495324800,Russ,44,34,5,2,55,1969
false,5650988,1465776000,Summer country,20,19,3,1,28,1970
false,25677644,1504569600,dat new new,100,88,8,1,112,1971
false,19136658,1496966400,You and me,42,28,14,1,79,1972
false,4690428,1397260800,Red Bull Editions Coachella Playlist,21,21,2,1,21,1973
false,19951242,1508544000,quiet,75,59,19,1,86,1974
false,23465191,1494720000,2015 Top Tracks,47,34,3,1,101,1975
false,18211700,1481328000,Lollapalooza 2016,46,26,5,1,80,1976
false,9048589,1498435200,whatever,35,32,7,1,36,1977
false,18155847,1440892800,different,72,64,37,1,79,1978
false,4777021,1447459200,Kickball,22,19,2,1,22,1979
true,6244191,1452643200,TBT,21,21,2,3,28,1980
false,5589363,1505779200,outside,23,22,3,1,25,1981
false,3886975,1386288000,Christmas,17,17,4,1,21,1982
false,7134504,1466899200,Late,28,25,2,2,29,1983
false,13062302,1492819200,New,51,31,20,1,55,1984
false,15273825,1487116800,MEDITATION,8,3,3,1,36,1985
false,1771818,1363651200,Ceremony,5,3,2,1,8,1986
false,3249409,1432425600,Rock music,14,11,6,1,15,1987
false,25495299,1444348800,hits,87,66,4,1,102,1988
false,6973288,1509148800,oldies but goodies,31,18,6,2,35,1989
false,8097318,1430179200,PARTY PEOPLE,32,30,12,1,35,1990
false,11127795,1508457600,the feels,40,32,34,1,47,1991
false,47101021,1508803200,Pop Hits,146,99,25,4,212,1992
false,14464245,1376524800,Listen,45,33,4,2,60,1993
false,3556320,1457568000,Paradise,13,10,7,1,15,1994
false,29183178,1509062400,woo,68,24,13,2,146,1995
false,9354755,1420070400,NEW YEARS,37,34,3,1,38,1996
false,10940019,1508371200,JESUS,28,22,8,2,40,1997
false,7260645,1448236800,yep,27,20,3,1,29,1998
false,3701742,1464307200,Sad Music,14,12,3,1,16,1999
